,image,xmin,ymin,xmax,ymax,label
0,POD_0000.png,0,0,0,0,no_table
1,POD_0001.png,636,1098,884,1245,table
2,POD_0002.png,0,0,0,0,no_table
3,POD_0003.png,167,308,893,461,table
4,POD_0003.png,274,722,786,992,table
5,POD_0004.png,319,226,740,536,table
6,POD_0005.png,0,0,0,0,no_table
7,POD_0006.png,0,0,0,0,no_table
8,POD_0007.png,253,881,774,1092,table
9,POD_0008.png,0,0,0,0,no_table
10,POD_0009.png,0,0,0,0,no_table
11,POD_0010.png,0,0,0,0,no_table
12,POD_0011.png,242,205,889,464,table
13,POD_0012.png,0,0,0,0,no_table
14,POD_0013.png,0,0,0,0,no_table
15,POD_0014.png,92,426,968,852,table
16,POD_0015.png,0,0,0,0,no_table
17,POD_0016.png,0,0,0,0,no_table
18,POD_0017.png,166,267,864,667,table
19,POD_0018.png,0,0,0,0,no_table
20,POD_0019.png,0,0,0,0,no_table
21,POD_0020.png,0,0,0,0,no_table
22,POD_0021.png,234,202,816,589,table
23,POD_0022.png,233,659,833,834,table
24,POD_0023.png,0,0,0,0,no_table
25,POD_0024.png,359,200,691,336,table
26,POD_0025.png,0,0,0,0,no_table
27,POD_0026.png,159,800,674,963,table
28,POD_0027.png,0,0,0,0,no_table
29,POD_0028.png,0,0,0,0,no_table
30,POD_0029.png,0,0,0,0,no_table
31,POD_0030.png,153,758,904,953,table
32,POD_0031.png,138,150,469,303,table
33,POD_0032.png,0,0,0,0,no_table
34,POD_0033.png,0,0,0,0,no_table
35,POD_0034.png,0,0,0,0,no_table
36,POD_0035.png,0,0,0,0,no_table
37,POD_0036.png,232,205,900,904,table
38,POD_0037.png,0,0,0,0,no_table
39,POD_0038.png,331,1207,670,1271,table
40,POD_0039.png,0,0,0,0,no_table
41,POD_0040.png,381,914,649,1005,table
42,POD_0040.png,381,673,649,764,table
43,POD_0040.png,381,256,649,347,table
44,POD_0041.png,0,0,0,0,no_table
45,POD_0042.png,0,0,0,0,no_table
46,POD_0043.png,0,0,0,0,no_table
47,POD_0044.png,0,0,0,0,no_table
48,POD_0045.png,152,291,878,1132,table
49,POD_0046.png,0,0,0,0,no_table
50,POD_0047.png,0,0,0,0,no_table
51,POD_0048.png,208,127,1164,406,table
52,POD_0049.png,0,0,0,0,no_table
53,POD_0050.png,0,0,0,0,no_table
54,POD_0051.png,374,234,873,394,table
55,POD_0052.png,0,0,0,0,no_table
56,POD_0053.png,138,158,921,692,table
57,POD_0054.png,0,0,0,0,no_table
58,POD_0055.png,371,303,721,552,table
59,POD_0056.png,0,0,0,0,no_table
60,POD_0057.png,0,0,0,0,no_table
61,POD_0058.png,0,0,0,0,no_table
62,POD_0059.png,0,0,0,0,no_table
63,POD_0060.png,248,92,808,241,table
64,POD_0060.png,232,291,824,440,table
65,POD_0061.png,0,0,0,0,no_table
66,POD_0062.png,0,0,0,0,no_table
67,POD_0063.png,211,772,841,882,table
68,POD_0064.png,222,1030,816,1153,table
69,POD_0065.png,0,0,0,0,no_table
70,POD_0066.png,0,0,0,0,no_table
71,POD_0067.png,204,732,884,1059,table
72,POD_0068.png,0,0,0,0,no_table
73,POD_0069.png,0,0,0,0,no_table
74,POD_0070.png,0,0,0,0,no_table
75,POD_0071.png,0,0,0,0,no_table
76,POD_0072.png,0,0,0,0,no_table
77,POD_0073.png,0,0,0,0,no_table
78,POD_0074.png,0,0,0,0,no_table
79,POD_0075.png,0,0,0,0,no_table
80,POD_0076.png,0,0,0,0,no_table
81,POD_0077.png,535,39,952,216,table
82,POD_0078.png,170,415,634,686,table
83,POD_0079.png,115,123,998,886,table
84,POD_0080.png,0,0,0,0,no_table
85,POD_0081.png,0,0,0,0,no_table
86,POD_0082.png,0,0,0,0,no_table
87,POD_0083.png,309,174,754,259,table
88,POD_0084.png,0,0,0,0,no_table
89,POD_0085.png,171,218,860,741,table
90,POD_0086.png,647,389,865,537,table
91,POD_0087.png,0,0,0,0,no_table
92,POD_0088.png,0,0,0,0,no_table
93,POD_0089.png,0,0,0,0,no_table
94,POD_0090.png,124,122,936,678,table
95,POD_0091.png,0,0,0,0,no_table
96,POD_0092.png,240,247,617,310,table
97,POD_0093.png,0,0,0,0,no_table
98,POD_0094.png,212,329,835,523,table
99,POD_0095.png,0,0,0,0,no_table
100,POD_0096.png,0,0,0,0,no_table
101,POD_0097.png,0,0,0,0,no_table
102,POD_0098.png,212,139,835,307,table
103,POD_0099.png,122,192,936,986,table
104,POD_0100.png,0,0,0,0,no_table
105,POD_0101.png,121,170,445,273,table
106,POD_0101.png,575,1207,904,1310,table
107,POD_0102.png,0,0,0,0,no_table
108,POD_0103.png,0,0,0,0,no_table
109,POD_0104.png,0,0,0,0,no_table
110,POD_0105.png,202,744,881,1072,table
111,POD_0106.png,217,241,842,765,table
112,POD_0107.png,115,205,936,833,table
113,POD_0108.png,0,0,0,0,no_table
114,POD_0109.png,152,278,903,866,table
115,POD_0110.png,0,0,0,0,no_table
116,POD_0111.png,0,0,0,0,no_table
117,POD_0112.png,116,1161,483,1244,table
118,POD_0112.png,576,490,938,781,table
119,POD_0113.png,0,0,0,0,no_table
120,POD_0114.png,0,0,0,0,no_table
121,POD_0115.png,212,604,835,798,table
122,POD_0116.png,0,0,0,0,no_table
123,POD_0117.png,0,0,0,0,no_table
124,POD_0118.png,0,0,0,0,no_table
125,POD_0119.png,0,0,0,0,no_table
126,POD_0120.png,0,0,0,0,no_table
127,POD_0121.png,73,1083,860,1148,table
128,POD_0122.png,0,0,0,0,no_table
129,POD_0123.png,155,730,874,902,table
130,POD_0124.png,0,0,0,0,no_table
131,POD_0125.png,0,0,0,0,no_table
132,POD_0126.png,127,613,495,769,table
133,POD_0127.png,0,0,0,0,no_table
134,POD_0128.png,0,0,0,0,no_table
135,POD_0129.png,0,0,0,0,no_table
136,POD_0130.png,0,0,0,0,no_table
137,POD_0131.png,0,0,0,0,no_table
138,POD_0132.png,217,137,930,1136,table
139,POD_0133.png,0,0,0,0,no_table
140,POD_0134.png,149,92,907,230,table
141,POD_0135.png,137,521,920,1015,table
142,POD_0136.png,0,0,0,0,no_table
143,POD_0137.png,0,0,0,0,no_table
144,POD_0138.png,0,0,0,0,no_table
145,POD_0139.png,0,0,0,0,no_table
146,POD_0140.png,216,714,884,1072,table
147,POD_0141.png,0,0,0,0,no_table
148,POD_0142.png,0,0,0,0,no_table
149,POD_0143.png,0,0,0,0,no_table
150,POD_0144.png,0,0,0,0,no_table
151,POD_0145.png,0,0,0,0,no_table
152,POD_0146.png,0,0,0,0,no_table
153,POD_0147.png,0,0,0,0,no_table
154,POD_0148.png,0,0,0,0,no_table
155,POD_0149.png,100,335,500,478,table
156,POD_0149.png,192,93,864,270,table
157,POD_0150.png,152,254,903,629,table
158,POD_0151.png,0,0,0,0,no_table
159,POD_0152.png,350,902,782,978,table
160,POD_0153.png,143,232,457,364,table
161,POD_0153.png,200,534,398,658,table
162,POD_0154.png,0,0,0,0,no_table
163,POD_0155.png,73,212,860,320,table
164,POD_0156.png,0,0,0,0,no_table
165,POD_0157.png,270,257,789,334,table
166,POD_0158.png,0,0,0,0,no_table
167,POD_0159.png,0,0,0,0,no_table
168,POD_0160.png,0,0,0,0,no_table
169,POD_0161.png,206,352,818,807,table
170,POD_0162.png,248,722,815,914,table
171,POD_0163.png,138,438,686,582,table
172,POD_0164.png,249,149,811,724,table
173,POD_0165.png,141,592,896,868,table
174,POD_0166.png,0,0,0,0,no_table
175,POD_0167.png,0,0,0,0,no_table
176,POD_0168.png,0,0,0,0,no_table
177,POD_0169.png,0,0,0,0,no_table
178,POD_0170.png,0,0,0,0,no_table
179,POD_0171.png,0,0,0,0,no_table
180,POD_0172.png,0,0,0,0,no_table
181,POD_0173.png,0,0,0,0,no_table
182,POD_0174.png,0,0,0,0,no_table
183,POD_0175.png,0,0,0,0,no_table
184,POD_0176.png,169,740,889,878,table
185,POD_0177.png,0,0,0,0,no_table
186,POD_0178.png,171,218,859,720,table
187,POD_0179.png,0,0,0,0,no_table
188,POD_0180.png,0,0,0,0,no_table
189,POD_0181.png,0,0,0,0,no_table
190,POD_0182.png,0,0,0,0,no_table
191,POD_0183.png,0,0,0,0,no_table
192,POD_0184.png,178,192,882,486,table
193,POD_0185.png,280,267,775,392,table
194,POD_0186.png,98,87,931,406,table
195,POD_0187.png,441,339,651,398,table
196,POD_0187.png,360,467,733,526,table
197,POD_0187.png,230,594,863,654,table
198,POD_0188.png,0,0,0,0,no_table
199,POD_0189.png,186,135,888,556,table
200,POD_0190.png,0,0,0,0,no_table
201,POD_0191.png,192,111,409,248,table
202,POD_0191.png,77,302,524,528,table
203,POD_0191.png,77,584,524,682,table
204,POD_0192.png,176,452,637,738,table
205,POD_0192.png,177,873,638,1156,table
206,POD_0193.png,255,576,830,900,table
207,POD_0194.png,0,0,0,0,no_table
208,POD_0195.png,0,0,0,0,no_table
209,POD_0196.png,208,100,540,463,table
210,POD_0197.png,0,0,0,0,no_table
211,POD_0198.png,0,0,0,0,no_table
212,POD_0199.png,0,0,0,0,no_table
213,POD_0200.png,120,217,491,443,table
214,POD_0201.png,0,0,0,0,no_table
215,POD_0202.png,0,0,0,0,no_table
216,POD_0203.png,148,700,909,931,table
217,POD_0203.png,145,213,912,357,table
218,POD_0204.png,152,250,903,1092,table
219,POD_0205.png,0,0,0,0,no_table
220,POD_0206.png,0,0,0,0,no_table
221,POD_0207.png,98,182,883,435,table
222,POD_0208.png,291,932,767,1118,table
223,POD_0209.png,305,970,753,1172,table
224,POD_0210.png,0,0,0,0,no_table
225,POD_0211.png,0,0,0,0,no_table
226,POD_0212.png,0,0,0,0,no_table
227,POD_0213.png,0,0,0,0,no_table
228,POD_0214.png,0,0,0,0,no_table
229,POD_0215.png,152,250,903,1071,table
230,POD_0216.png,0,0,0,0,no_table
231,POD_0217.png,0,0,0,0,no_table
232,POD_0218.png,0,0,0,0,no_table
233,POD_0219.png,0,0,0,0,no_table
234,POD_0220.png,212,355,468,462,table
235,POD_0220.png,603,355,835,462,table
236,POD_0221.png,0,0,0,0,no_table
237,POD_0222.png,0,0,0,0,no_table
238,POD_0223.png,309,1115,722,1306,table
239,POD_0224.png,0,0,0,0,no_table
240,POD_0225.png,123,144,911,998,table
241,POD_0226.png,0,0,0,0,no_table
242,POD_0227.png,261,851,797,1053,table
243,POD_0228.png,0,0,0,0,no_table
244,POD_0229.png,156,785,904,1123,table
245,POD_0230.png,145,358,924,566,table
246,POD_0230.png,332,660,698,848,table
247,POD_0231.png,0,0,0,0,no_table
248,POD_0232.png,0,0,0,0,no_table
249,POD_0233.png,243,588,889,1212,table
250,POD_0234.png,0,0,0,0,no_table
251,POD_0235.png,0,0,0,0,no_table
252,POD_0236.png,0,0,0,0,no_table
253,POD_0237.png,155,566,912,976,table
254,POD_0237.png,155,129,911,539,table
255,POD_0238.png,0,0,0,0,no_table
256,POD_0239.png,0,0,0,0,no_table
257,POD_0240.png,134,274,651,600,table
258,POD_0241.png,251,605,834,929,table
259,POD_0242.png,0,0,0,0,no_table
260,POD_0243.png,0,0,0,0,no_table
261,POD_0244.png,0,0,0,0,no_table
262,POD_0245.png,0,0,0,0,no_table
263,POD_0246.png,0,0,0,0,no_table
264,POD_0247.png,0,0,0,0,no_table
265,POD_0248.png,540,874,935,1008,table
266,POD_0249.png,561,1020,907,1074,table
267,POD_0250.png,209,1202,678,1313,table
268,POD_0251.png,0,0,0,0,no_table
269,POD_0252.png,0,0,0,0,no_table
270,POD_0253.png,0,0,0,0,no_table
271,POD_0254.png,172,189,872,452,table
272,POD_0255.png,0,0,0,0,no_table
273,POD_0256.png,198,723,878,1057,table
274,POD_0257.png,0,0,0,0,no_table
275,POD_0258.png,0,0,0,0,no_table
276,POD_0259.png,334,137,723,352,table
277,POD_0260.png,0,0,0,0,no_table
278,POD_0261.png,0,0,0,0,no_table
279,POD_0262.png,0,0,0,0,no_table
280,POD_0263.png,0,0,0,0,no_table
281,POD_0264.png,0,0,0,0,no_table
282,POD_0265.png,0,0,0,0,no_table
283,POD_0266.png,0,0,0,0,no_table
284,POD_0267.png,0,0,0,0,no_table
285,POD_0268.png,0,0,0,0,no_table
286,POD_0269.png,124,861,967,1174,table
287,POD_0270.png,0,0,0,0,no_table
288,POD_0271.png,0,0,0,0,no_table
289,POD_0272.png,182,929,854,1097,table
290,POD_0273.png,150,556,899,1042,table
291,POD_0274.png,115,122,827,714,table
292,POD_0275.png,0,0,0,0,no_table
293,POD_0276.png,170,137,1202,232,table
294,POD_0277.png,630,330,881,370,table
295,POD_0278.png,0,0,0,0,no_table
296,POD_0279.png,100,101,940,325,table
297,POD_0280.png,0,0,0,0,no_table
298,POD_0281.png,0,0,0,0,no_table
299,POD_0282.png,384,541,678,739,table
300,POD_0283.png,108,124,475,321,table
301,POD_0284.png,0,0,0,0,no_table
302,POD_0285.png,0,0,0,0,no_table
303,POD_0286.png,0,0,0,0,no_table
304,POD_0287.png,0,0,0,0,no_table
305,POD_0288.png,181,475,812,542,table
306,POD_0289.png,0,0,0,0,no_table
307,POD_0290.png,0,0,0,0,no_table
308,POD_0291.png,0,0,0,0,no_table
309,POD_0292.png,0,0,0,0,no_table
310,POD_0293.png,0,0,0,0,no_table
311,POD_0294.png,0,0,0,0,no_table
312,POD_0295.png,233,542,807,755,table
313,POD_0296.png,543,1114,938,1227,table
314,POD_0297.png,124,344,937,658,table
315,POD_0297.png,124,715,937,1031,table
316,POD_0298.png,0,0,0,0,no_table
317,POD_0299.png,0,0,0,0,no_table
318,POD_0300.png,125,176,935,1014,table
319,POD_0301.png,192,89,843,309,table
320,POD_0302.png,0,0,0,0,no_table
321,POD_0303.png,302,221,670,541,table
322,POD_0304.png,0,0,0,0,no_table
323,POD_0305.png,114,795,945,1135,table
324,POD_0306.png,0,0,0,0,no_table
325,POD_0307.png,98,645,860,1067,table
326,POD_0308.png,0,0,0,0,no_table
327,POD_0309.png,0,0,0,0,no_table
328,POD_0310.png,0,0,0,0,no_table
329,POD_0311.png,0,0,0,0,no_table
330,POD_0312.png,0,0,0,0,no_table
331,POD_0313.png,398,257,707,491,table
332,POD_0314.png,0,0,0,0,no_table
333,POD_0315.png,0,0,0,0,no_table
334,POD_0316.png,0,0,0,0,no_table
335,POD_0317.png,0,0,0,0,no_table
336,POD_0318.png,0,0,0,0,no_table
337,POD_0319.png,0,0,0,0,no_table
338,POD_0320.png,0,0,0,0,no_table
339,POD_0321.png,288,137,769,329,table
340,POD_0321.png,245,382,812,598,table
341,POD_0322.png,0,0,0,0,no_table
342,POD_0323.png,0,0,0,0,no_table
343,POD_0324.png,194,184,865,984,table
344,POD_0325.png,343,132,688,278,table
345,POD_0326.png,142,622,892,1044,table
346,POD_0327.png,0,0,0,0,no_table
347,POD_0328.png,0,0,0,0,no_table
348,POD_0329.png,0,0,0,0,no_table
349,POD_0330.png,0,0,0,0,no_table
350,POD_0331.png,0,0,0,0,no_table
351,POD_0332.png,280,522,780,653,table
352,POD_0333.png,0,0,0,0,no_table
353,POD_0334.png,0,0,0,0,no_table
354,POD_0335.png,0,0,0,0,no_table
355,POD_0336.png,535,124,931,275,table
356,POD_0337.png,0,0,0,0,no_table
357,POD_0338.png,78,122,756,194,table
358,POD_0339.png,0,0,0,0,no_table
359,POD_0340.png,114,217,882,847,table
360,POD_0341.png,0,0,0,0,no_table
361,POD_0342.png,0,0,0,0,no_table
362,POD_0343.png,0,0,0,0,no_table
363,POD_0344.png,0,0,0,0,no_table
364,POD_0345.png,152,250,903,1115,table
365,POD_0346.png,0,0,0,0,no_table
366,POD_0347.png,122,192,936,993,table
367,POD_0348.png,0,0,0,0,no_table
368,POD_0349.png,195,141,1339,469,table
369,POD_0350.png,161,354,898,1158,table
370,POD_0351.png,0,0,0,0,no_table
371,POD_0352.png,146,769,885,943,table
372,POD_0353.png,0,0,0,0,no_table
373,POD_0354.png,0,0,0,0,no_table
374,POD_0355.png,148,163,909,911,table
375,POD_0356.png,0,0,0,0,no_table
376,POD_0357.png,100,55,500,172,table
377,POD_0358.png,0,0,0,0,no_table
378,POD_0359.png,0,0,0,0,no_table
379,POD_0360.png,0,0,0,0,no_table
380,POD_0361.png,0,0,0,0,no_table
381,POD_0362.png,0,0,0,0,no_table
382,POD_0363.png,0,0,0,0,no_table
383,POD_0364.png,0,0,0,0,no_table
384,POD_0365.png,0,0,0,0,no_table
385,POD_0366.png,0,0,0,0,no_table
386,POD_0367.png,0,0,0,0,no_table
387,POD_0368.png,0,0,0,0,no_table
388,POD_0369.png,0,0,0,0,no_table
389,POD_0370.png,141,124,425,275,table
390,POD_0371.png,0,0,0,0,no_table
391,POD_0372.png,0,0,0,0,no_table
392,POD_0373.png,218,148,764,708,table
393,POD_0374.png,0,0,0,0,no_table
394,POD_0375.png,0,0,0,0,no_table
395,POD_0376.png,0,0,0,0,no_table
396,POD_0377.png,0,0,0,0,no_table
397,POD_0378.png,125,176,935,1004,table
398,POD_0379.png,0,0,0,0,no_table
399,POD_0380.png,0,0,0,0,no_table
400,POD_0381.png,263,212,625,302,table
401,POD_0382.png,0,0,0,0,no_table
402,POD_0383.png,0,0,0,0,no_table
403,POD_0384.png,0,0,0,0,no_table
404,POD_0385.png,0,0,0,0,no_table
405,POD_0386.png,0,0,0,0,no_table
406,POD_0387.png,0,0,0,0,no_table
407,POD_0388.png,0,0,0,0,no_table
408,POD_0389.png,0,0,0,0,no_table
409,POD_0390.png,212,338,835,531,table
410,POD_0391.png,0,0,0,0,no_table
411,POD_0392.png,398,798,632,903,table
412,POD_0393.png,164,142,896,396,table
413,POD_0394.png,0,0,0,0,no_table
414,POD_0395.png,0,0,0,0,no_table
415,POD_0396.png,0,0,0,0,no_table
416,POD_0397.png,259,180,832,289,table
417,POD_0398.png,0,0,0,0,no_table
418,POD_0399.png,314,373,746,500,table
419,POD_0400.png,331,815,728,953,table
420,POD_0401.png,141,632,894,1108,table
421,POD_0402.png,256,100,492,208,table
422,POD_0403.png,257,199,800,252,table
423,POD_0404.png,0,0,0,0,no_table
424,POD_0405.png,0,0,0,0,no_table
425,POD_0406.png,0,0,0,0,no_table
426,POD_0407.png,0,0,0,0,no_table
427,POD_0408.png,0,0,0,0,no_table
428,POD_0409.png,0,0,0,0,no_table
429,POD_0410.png,0,0,0,0,no_table
430,POD_0411.png,342,438,717,564,table
431,POD_0412.png,0,0,0,0,no_table
432,POD_0413.png,0,0,0,0,no_table
433,POD_0414.png,115,1165,485,1219,table
434,POD_0415.png,279,172,774,361,table
435,POD_0416.png,0,0,0,0,no_table
436,POD_0417.png,622,641,881,741,table
437,POD_0418.png,0,0,0,0,no_table
438,POD_0419.png,0,0,0,0,no_table
439,POD_0420.png,0,0,0,0,no_table
440,POD_0421.png,0,0,0,0,no_table
441,POD_0422.png,97,569,485,652,table
442,POD_0423.png,141,967,903,1157,table
443,POD_0424.png,291,338,796,837,table
444,POD_0425.png,450,452,578,541,table
445,POD_0426.png,0,0,0,0,no_table
446,POD_0427.png,0,0,0,0,no_table
447,POD_0428.png,0,0,0,0,no_table
448,POD_0429.png,0,0,0,0,no_table
449,POD_0430.png,152,243,1301,784,table
450,POD_0431.png,398,207,734,644,table
451,POD_0432.png,353,142,583,260,table
452,POD_0433.png,0,0,0,0,no_table
453,POD_0434.png,0,0,0,0,no_table
454,POD_0435.png,0,0,0,0,no_table
455,POD_0436.png,224,991,841,1197,table
456,POD_0437.png,0,0,0,0,no_table
457,POD_0438.png,0,0,0,0,no_table
458,POD_0439.png,84,249,513,340,table
459,POD_0439.png,84,927,513,1018,table
460,POD_0440.png,0,0,0,0,no_table
461,POD_0441.png,0,0,0,0,no_table
462,POD_0442.png,0,0,0,0,no_table
463,POD_0443.png,172,494,907,1226,table
464,POD_0444.png,0,0,0,0,no_table
465,POD_0445.png,0,0,0,0,no_table
466,POD_0446.png,0,0,0,0,no_table
467,POD_0447.png,148,213,909,1024,table
468,POD_0448.png,0,0,0,0,no_table
469,POD_0449.png,0,0,0,0,no_table
470,POD_0450.png,98,205,671,393,table
471,POD_0450.png,98,609,431,717,table
472,POD_0451.png,229,209,818,325,table
473,POD_0452.png,114,732,486,949,table
474,POD_0453.png,85,93,974,954,table
475,POD_0454.png,0,0,0,0,no_table
476,POD_0455.png,0,0,0,0,no_table
477,POD_0456.png,534,942,945,1198,table
478,POD_0457.png,172,182,859,1308,table
479,POD_0458.png,0,0,0,0,no_table
480,POD_0459.png,239,839,849,1213,table
481,POD_0460.png,0,0,0,0,no_table
482,POD_0461.png,352,855,718,1052,table
483,POD_0462.png,0,0,0,0,no_table
484,POD_0463.png,0,0,0,0,no_table
485,POD_0464.png,0,0,0,0,no_table
486,POD_0465.png,332,149,693,316,table
487,POD_0465.png,313,427,722,523,table
488,POD_0466.png,0,0,0,0,no_table
489,POD_0467.png,0,0,0,0,no_table
490,POD_0468.png,73,213,860,605,table
491,POD_0468.png,73,708,860,1027,table
492,POD_0469.png,0,0,0,0,no_table
493,POD_0470.png,0,0,0,0,no_table
494,POD_0471.png,0,0,0,0,no_table
495,POD_0472.png,171,711,859,1211,table
496,POD_0473.png,0,0,0,0,no_table
497,POD_0474.png,332,92,724,229,table
498,POD_0475.png,124,1117,935,1206,table
499,POD_0476.png,185,129,936,406,table
500,POD_0476.png,211,949,911,1242,table
501,POD_0477.png,0,0,0,0,no_table
502,POD_0478.png,235,173,763,795,table
503,POD_0479.png,0,0,0,0,no_table
504,POD_0480.png,0,0,0,0,no_table
505,POD_0481.png,0,0,0,0,no_table
506,POD_0482.png,0,0,0,0,no_table
507,POD_0483.png,233,468,811,743,table
508,POD_0484.png,348,289,693,404,table
509,POD_0485.png,0,0,0,0,no_table
510,POD_0486.png,0,0,0,0,no_table
511,POD_0487.png,160,195,934,353,table
512,POD_0487.png,160,407,934,565,table
513,POD_0488.png,0,0,0,0,no_table
514,POD_0489.png,94,895,503,972,table
515,POD_0490.png,0,0,0,0,no_table
516,POD_0491.png,141,788,457,1155,table
517,POD_0492.png,0,0,0,0,no_table
518,POD_0493.png,0,0,0,0,no_table
519,POD_0494.png,84,912,976,1162,table
520,POD_0495.png,0,0,0,0,no_table
521,POD_0496.png,0,0,0,0,no_table
522,POD_0497.png,349,200,701,298,table
523,POD_0497.png,372,722,677,820,table
524,POD_0498.png,0,0,0,0,no_table
525,POD_0499.png,0,0,0,0,no_table
526,POD_0500.png,475,330,819,589,table
527,POD_0500.png,115,330,455,589,table
528,POD_0501.png,109,260,506,658,table
529,POD_0502.png,569,742,927,891,table
530,POD_0502.png,118,977,899,1193,table
531,POD_0503.png,0,0,0,0,no_table
532,POD_0504.png,0,0,0,0,no_table
533,POD_0505.png,233,546,831,776,table
534,POD_0506.png,0,0,0,0,no_table
535,POD_0507.png,145,572,912,1116,table
536,POD_0508.png,114,321,936,581,table
537,POD_0509.png,154,178,902,616,table
538,POD_0510.png,0,0,0,0,no_table
539,POD_0511.png,0,0,0,0,no_table
540,POD_0512.png,0,0,0,0,no_table
541,POD_0513.png,0,0,0,0,no_table
542,POD_0514.png,0,0,0,0,no_table
543,POD_0515.png,316,915,734,1050,table
544,POD_0515.png,317,1141,735,1276,table
545,POD_0516.png,0,0,0,0,no_table
546,POD_0517.png,115,172,504,281,table
547,POD_0517.png,109,355,510,427,table
548,POD_0518.png,0,0,0,0,no_table
549,POD_0519.png,0,0,0,0,no_table
550,POD_0520.png,0,0,0,0,no_table
551,POD_0521.png,0,0,0,0,no_table
552,POD_0522.png,255,185,776,545,table
553,POD_0522.png,255,752,776,1113,table
554,POD_0523.png,0,0,0,0,no_table
555,POD_0524.png,0,0,0,0,no_table
556,POD_0525.png,0,0,0,0,no_table
557,POD_0526.png,0,0,0,0,no_table
558,POD_0527.png,0,0,0,0,no_table
559,POD_0528.png,173,723,858,936,table
560,POD_0529.png,0,0,0,0,no_table
561,POD_0530.png,0,0,0,0,no_table
562,POD_0531.png,0,0,0,0,no_table
563,POD_0532.png,241,228,585,331,table
564,POD_0532.png,233,623,660,732,table
565,POD_0532.png,246,996,580,1060,table
566,POD_0533.png,125,255,740,400,table
567,POD_0533.png,125,906,750,1058,table
568,POD_0534.png,0,0,0,0,no_table
569,POD_0535.png,0,0,0,0,no_table
570,POD_0536.png,0,0,0,0,no_table
571,POD_0537.png,0,0,0,0,no_table
572,POD_0538.png,354,411,705,453,table
573,POD_0538.png,423,539,636,580,table
574,POD_0538.png,356,709,703,809,table
575,POD_0538.png,360,824,700,924,table
576,POD_0538.png,344,938,715,1038,table
577,POD_0538.png,351,1052,708,1153,table
578,POD_0539.png,212,405,835,598,table
579,POD_0540.png,0,0,0,0,no_table
580,POD_0541.png,0,0,0,0,no_table
581,POD_0542.png,0,0,0,0,no_table
582,POD_0543.png,0,0,0,0,no_table
583,POD_0544.png,0,0,0,0,no_table
584,POD_0545.png,111,691,478,790,table
585,POD_0545.png,196,1042,393,1128,table
586,POD_0545.png,615,1049,909,1135,table
587,POD_0546.png,0,0,0,0,no_table
588,POD_0547.png,87,158,957,375,table
589,POD_0548.png,0,0,0,0,no_table
590,POD_0549.png,0,0,0,0,no_table
591,POD_0550.png,176,749,825,1244,table
592,POD_0550.png,158,201,852,695,table
593,POD_0551.png,83,812,936,1042,table
594,POD_0551.png,83,1090,941,1314,table
595,POD_0552.png,0,0,0,0,no_table
596,POD_0553.png,106,101,928,320,table
597,POD_0554.png,0,0,0,0,no_table
598,POD_0555.png,125,295,911,454,table
599,POD_0556.png,212,778,835,972,table
600,POD_0556.png,171,160,954,485,table
601,POD_0557.png,253,138,832,462,table
602,POD_0558.png,0,0,0,0,no_table
603,POD_0559.png,399,515,489,590,table
604,POD_0560.png,0,0,0,0,no_table
605,POD_0561.png,177,49,843,398,table
606,POD_0562.png,0,0,0,0,no_table
607,POD_0563.png,0,0,0,0,no_table
608,POD_0564.png,124,755,945,1186,table
609,POD_0565.png,184,718,937,851,table
610,POD_0565.png,309,938,812,1072,table
611,POD_0566.png,0,0,0,0,no_table
612,POD_0567.png,369,1185,588,1233,table
613,POD_0568.png,0,0,0,0,no_table
614,POD_0569.png,0,0,0,0,no_table
615,POD_0570.png,0,0,0,0,no_table
616,POD_0571.png,0,0,0,0,no_table
617,POD_0572.png,131,125,444,336,table
618,POD_0573.png,148,161,909,670,table
619,POD_0574.png,0,0,0,0,no_table
620,POD_0575.png,0,0,0,0,no_table
621,POD_0576.png,180,208,880,354,table
622,POD_0577.png,0,0,0,0,no_table
623,POD_0578.png,416,487,724,587,table
624,POD_0578.png,416,777,724,901,table
625,POD_0578.png,416,1078,724,1322,table
626,POD_0579.png,0,0,0,0,no_table
627,POD_0580.png,213,211,891,823,table
628,POD_0581.png,0,0,0,0,no_table
629,POD_0582.png,0,0,0,0,no_table
630,POD_0583.png,0,0,0,0,no_table
631,POD_0584.png,0,0,0,0,no_table
632,POD_0585.png,93,234,530,411,table
633,POD_0586.png,0,0,0,0,no_table
634,POD_0587.png,0,0,0,0,no_table
635,POD_0588.png,567,535,916,649,table
636,POD_0588.png,525,718,958,897,table
637,POD_0589.png,162,715,446,943,table
638,POD_0590.png,0,0,0,0,no_table
639,POD_0591.png,0,0,0,0,no_table
640,POD_0592.png,0,0,0,0,no_table
641,POD_0593.png,0,0,0,0,no_table
642,POD_0594.png,0,0,0,0,no_table
643,POD_0595.png,136,150,844,484,table
644,POD_0596.png,263,186,797,555,table
645,POD_0597.png,0,0,0,0,no_table
646,POD_0598.png,0,0,0,0,no_table
647,POD_0599.png,116,107,761,302,table
648,POD_0600.png,0,0,0,0,no_table
649,POD_0601.png,0,0,0,0,no_table
650,POD_0602.png,0,0,0,0,no_table
651,POD_0603.png,117,195,1253,739,table
652,POD_0604.png,271,189,789,309,table
653,POD_0605.png,156,531,508,1094,table
654,POD_0605.png,552,479,904,1013,table
655,POD_0606.png,152,250,919,1078,table
656,POD_0607.png,0,0,0,0,no_table
657,POD_0608.png,114,165,916,444,table
658,POD_0608.png,532,502,952,751,table
659,POD_0609.png,0,0,0,0,no_table
660,POD_0610.png,0,0,0,0,no_table
661,POD_0611.png,0,0,0,0,no_table
662,POD_0612.png,0,0,0,0,no_table
663,POD_0613.png,0,0,0,0,no_table
664,POD_0614.png,187,424,929,922,table
665,POD_0615.png,158,1083,838,1275,table
666,POD_0615.png,156,772,833,959,table
667,POD_0615.png,157,458,904,645,table
668,POD_0616.png,0,0,0,0,no_table
669,POD_0617.png,118,208,481,345,table
670,POD_0618.png,0,0,0,0,no_table
671,POD_0619.png,0,0,0,0,no_table
672,POD_0620.png,0,0,0,0,no_table
673,POD_0621.png,0,0,0,0,no_table
674,POD_0622.png,0,0,0,0,no_table
675,POD_0623.png,141,91,456,438,table
676,POD_0624.png,0,0,0,0,no_table
677,POD_0625.png,157,344,437,453,table
678,POD_0626.png,203,604,882,928,table
679,POD_0627.png,0,0,0,0,no_table
680,POD_0628.png,0,0,0,0,no_table
681,POD_0629.png,634,500,888,801,table
682,POD_0630.png,0,0,0,0,no_table
683,POD_0631.png,146,672,934,1226,table
684,POD_0632.png,0,0,0,0,no_table
685,POD_0633.png,0,0,0,0,no_table
686,POD_0634.png,0,0,0,0,no_table
687,POD_0635.png,0,0,0,0,no_table
688,POD_0636.png,0,0,0,0,no_table
689,POD_0637.png,0,0,0,0,no_table
690,POD_0638.png,0,0,0,0,no_table
691,POD_0639.png,0,0,0,0,no_table
692,POD_0640.png,0,0,0,0,no_table
693,POD_0641.png,280,249,786,461,table
694,POD_0642.png,270,131,836,648,table
695,POD_0643.png,0,0,0,0,no_table
696,POD_0644.png,0,0,0,0,no_table
697,POD_0645.png,166,230,829,485,table
698,POD_0646.png,221,1014,777,1102,table
699,POD_0647.png,114,643,944,1025,table
700,POD_0648.png,0,0,0,0,no_table
701,POD_0649.png,0,0,0,0,no_table
702,POD_0650.png,0,0,0,0,no_table
703,POD_0651.png,0,0,0,0,no_table
704,POD_0652.png,0,0,0,0,no_table
705,POD_0653.png,0,0,0,0,no_table
706,POD_0654.png,0,0,0,0,no_table
707,POD_0655.png,0,0,0,0,no_table
708,POD_0656.png,0,0,0,0,no_table
709,POD_0657.png,0,0,0,0,no_table
710,POD_0658.png,0,0,0,0,no_table
711,POD_0659.png,152,250,903,1121,table
712,POD_0660.png,0,0,0,0,no_table
713,POD_0661.png,281,395,779,689,table
714,POD_0662.png,0,0,0,0,no_table
715,POD_0663.png,0,0,0,0,no_table
716,POD_0664.png,0,0,0,0,no_table
717,POD_0665.png,0,0,0,0,no_table
718,POD_0666.png,0,0,0,0,no_table
719,POD_0667.png,0,0,0,0,no_table
720,POD_0668.png,234,137,1137,380,table
721,POD_0669.png,0,0,0,0,no_table
722,POD_0670.png,165,555,920,1136,table
723,POD_0671.png,56,120,491,289,table
724,POD_0672.png,184,121,874,370,table
725,POD_0672.png,184,447,874,698,table
726,POD_0672.png,184,775,874,1019,table
727,POD_0673.png,0,0,0,0,no_table
728,POD_0674.png,0,0,0,0,no_table
729,POD_0675.png,219,902,771,988,table
730,POD_0675.png,219,1041,805,1178,table
731,POD_0676.png,0,0,0,0,no_table
732,POD_0677.png,78,142,928,487,table
733,POD_0678.png,0,0,0,0,no_table
734,POD_0679.png,0,0,0,0,no_table
735,POD_0680.png,0,0,0,0,no_table
736,POD_0681.png,150,212,899,719,table
737,POD_0682.png,0,0,0,0,no_table
738,POD_0683.png,0,0,0,0,no_table
739,POD_0684.png,0,0,0,0,no_table
740,POD_0685.png,0,0,0,0,no_table
741,POD_0686.png,0,0,0,0,no_table
742,POD_0687.png,0,0,0,0,no_table
743,POD_0688.png,0,0,0,0,no_table
744,POD_0689.png,145,163,912,385,table
745,POD_0690.png,201,205,858,324,table
746,POD_0691.png,151,510,872,675,table
747,POD_0692.png,0,0,0,0,no_table
748,POD_0693.png,0,0,0,0,no_table
749,POD_0694.png,0,0,0,0,no_table
750,POD_0695.png,63,933,997,1301,table
751,POD_0696.png,220,100,527,249,table
752,POD_0697.png,0,0,0,0,no_table
753,POD_0698.png,0,0,0,0,no_table
754,POD_0699.png,101,101,647,236,table
755,POD_0700.png,0,0,0,0,no_table
756,POD_0701.png,176,514,859,651,table
757,POD_0702.png,0,0,0,0,no_table
758,POD_0703.png,0,0,0,0,no_table
759,POD_0704.png,182,139,854,307,table
760,POD_0705.png,0,0,0,0,no_table
761,POD_0706.png,327,937,728,1247,table
762,POD_0707.png,0,0,0,0,no_table
763,POD_0708.png,0,0,0,0,no_table
764,POD_0709.png,0,0,0,0,no_table
765,POD_0710.png,104,322,664,1236,table
766,POD_0711.png,0,0,0,0,no_table
767,POD_0712.png,0,0,0,0,no_table
768,POD_0713.png,0,0,0,0,no_table
769,POD_0714.png,0,0,0,0,no_table
770,POD_0715.png,348,458,717,613,table
771,POD_0716.png,0,0,0,0,no_table
772,POD_0717.png,0,0,0,0,no_table
773,POD_0718.png,152,250,903,1071,table
774,POD_0719.png,0,0,0,0,no_table
775,POD_0720.png,0,0,0,0,no_table
776,POD_0721.png,0,0,0,0,no_table
777,POD_0722.png,143,125,912,324,table
778,POD_0723.png,0,0,0,0,no_table
779,POD_0724.png,237,195,825,839,table
780,POD_0725.png,164,259,895,442,table
781,POD_0726.png,0,0,0,0,no_table
782,POD_0727.png,0,0,0,0,no_table
783,POD_0728.png,212,950,835,1143,table
784,POD_0729.png,0,0,0,0,no_table
785,POD_0730.png,179,460,804,888,table
786,POD_0731.png,97,652,909,920,table
787,POD_0732.png,114,455,944,756,table
788,POD_0733.png,0,0,0,0,no_table
789,POD_0734.png,0,0,0,0,no_table
790,POD_0735.png,0,0,0,0,no_table
791,POD_0736.png,0,0,0,0,no_table
792,POD_0737.png,0,0,0,0,no_table
793,POD_0738.png,0,0,0,0,no_table
794,POD_0739.png,0,0,0,0,no_table
795,POD_0740.png,0,0,0,0,no_table
796,POD_0741.png,0,0,0,0,no_table
797,POD_0742.png,0,0,0,0,no_table
798,POD_0743.png,0,0,0,0,no_table
799,POD_0744.png,0,0,0,0,no_table
800,POD_0745.png,0,0,0,0,no_table
801,POD_0746.png,547,485,938,651,table
802,POD_0746.png,535,909,947,1201,table
803,POD_0747.png,0,0,0,0,no_table
804,POD_0748.png,0,0,0,0,no_table
805,POD_0749.png,0,0,0,0,no_table
806,POD_0750.png,86,305,895,498,table
807,POD_0750.png,214,171,767,225,table
808,POD_0751.png,0,0,0,0,no_table
809,POD_0752.png,0,0,0,0,no_table
810,POD_0753.png,0,0,0,0,no_table
811,POD_0754.png,0,0,0,0,no_table
812,POD_0755.png,0,0,0,0,no_table
813,POD_0756.png,0,0,0,0,no_table
814,POD_0757.png,144,869,909,1052,table
815,POD_0758.png,74,586,909,707,table
816,POD_0759.png,0,0,0,0,no_table
817,POD_0760.png,0,0,0,0,no_table
818,POD_0761.png,583,367,929,583,table
819,POD_0762.png,0,0,0,0,no_table
820,POD_0763.png,0,0,0,0,no_table
821,POD_0764.png,0,0,0,0,no_table
822,POD_0765.png,0,0,0,0,no_table
823,POD_0766.png,0,0,0,0,no_table
824,POD_0767.png,0,0,0,0,no_table
825,POD_0768.png,0,0,0,0,no_table
826,POD_0769.png,0,0,0,0,no_table
827,POD_0770.png,0,0,0,0,no_table
828,POD_0771.png,0,0,0,0,no_table
829,POD_0772.png,0,0,0,0,no_table
830,POD_0773.png,0,0,0,0,no_table
831,POD_0774.png,0,0,0,0,no_table
832,POD_0775.png,0,0,0,0,no_table
833,POD_0776.png,0,0,0,0,no_table
834,POD_0777.png,0,0,0,0,no_table
835,POD_0778.png,326,147,705,380,table
836,POD_0778.png,323,492,708,703,table
837,POD_0778.png,302,815,729,1172,table
838,POD_0779.png,0,0,0,0,no_table
839,POD_0780.png,0,0,0,0,no_table
840,POD_0781.png,0,0,0,0,no_table
841,POD_0782.png,0,0,0,0,no_table
842,POD_0783.png,88,92,956,358,table
843,POD_0784.png,85,874,511,964,table
844,POD_0785.png,0,0,0,0,no_table
845,POD_0786.png,613,258,903,484,table
846,POD_0786.png,599,598,917,766,table
847,POD_0787.png,173,982,858,1248,table
848,POD_0788.png,0,0,0,0,no_table
849,POD_0789.png,0,0,0,0,no_table
850,POD_0790.png,314,199,751,643,table
851,POD_0791.png,0,0,0,0,no_table
852,POD_0792.png,148,340,909,1063,table
853,POD_0793.png,0,0,0,0,no_table
854,POD_0794.png,0,0,0,0,no_table
855,POD_0795.png,0,0,0,0,no_table
856,POD_0796.png,156,475,634,558,table
857,POD_0796.png,156,602,629,686,table
858,POD_0796.png,156,730,649,814,table
859,POD_0796.png,156,861,629,944,table
860,POD_0797.png,0,0,0,0,no_table
861,POD_0798.png,0,0,0,0,no_table
862,POD_0799.png,0,0,0,0,no_table
863,POD_0800.png,0,0,0,0,no_table
864,POD_0801.png,0,0,0,0,no_table
865,POD_0802.png,0,0,0,0,no_table
866,POD_0803.png,0,0,0,0,no_table
867,POD_0804.png,0,0,0,0,no_table
868,POD_0805.png,0,0,0,0,no_table
869,POD_0806.png,0,0,0,0,no_table
870,POD_0807.png,0,0,0,0,no_table
871,POD_0808.png,364,1075,695,1267,table
872,POD_0809.png,0,0,0,0,no_table
873,POD_0810.png,286,207,846,1082,table
874,POD_0811.png,0,0,0,0,no_table
875,POD_0812.png,0,0,0,0,no_table
876,POD_0813.png,0,0,0,0,no_table
877,POD_0814.png,0,0,0,0,no_table
878,POD_0815.png,150,1074,897,1239,table
879,POD_0816.png,152,216,903,1081,table
880,POD_0817.png,143,770,912,1036,table
881,POD_0818.png,245,138,840,462,table
882,POD_0819.png,0,0,0,0,no_table
883,POD_0820.png,0,0,0,0,no_table
884,POD_0821.png,0,0,0,0,no_table
885,POD_0822.png,204,300,883,641,table
886,POD_0823.png,148,595,909,809,table
887,POD_0824.png,0,0,0,0,no_table
888,POD_0825.png,0,0,0,0,no_table
889,POD_0826.png,0,0,0,0,no_table
890,POD_0827.png,0,0,0,0,no_table
891,POD_0828.png,184,92,872,230,table
892,POD_0829.png,0,0,0,0,no_table
893,POD_0830.png,0,0,0,0,no_table
894,POD_0831.png,143,255,930,745,table
895,POD_0832.png,0,0,0,0,no_table
896,POD_0833.png,0,0,0,0,no_table
897,POD_0834.png,195,141,1339,652,table
898,POD_0835.png,233,324,827,502,table
899,POD_0835.png,233,538,827,716,table
900,POD_0835.png,233,753,827,931,table
901,POD_0836.png,238,459,510,608,table
902,POD_0836.png,309,715,439,801,table
903,POD_0837.png,0,0,0,0,no_table
904,POD_0838.png,0,0,0,0,no_table
905,POD_0839.png,0,0,0,0,no_table
906,POD_0840.png,554,440,962,737,table
907,POD_0841.png,124,161,936,314,table
908,POD_0842.png,197,992,846,1201,table
909,POD_0843.png,0,0,0,0,no_table
910,POD_0844.png,0,0,0,0,no_table
911,POD_0845.png,245,170,786,447,table
912,POD_0846.png,0,0,0,0,no_table
913,POD_0847.png,114,562,944,662,table
914,POD_0847.png,114,739,944,830,table
915,POD_0847.png,114,908,944,998,table
916,POD_0847.png,114,1076,944,1167,table
917,POD_0848.png,0,0,0,0,no_table
918,POD_0849.png,0,0,0,0,no_table
919,POD_0850.png,178,875,564,1016,table
920,POD_0851.png,0,0,0,0,no_table
921,POD_0852.png,0,0,0,0,no_table
922,POD_0853.png,0,0,0,0,no_table
923,POD_0854.png,517,859,957,1158,table
924,POD_0854.png,517,281,957,500,table
925,POD_0855.png,0,0,0,0,no_table
926,POD_0856.png,118,161,886,323,table
927,POD_0856.png,118,411,886,655,table
928,POD_0856.png,118,732,886,997,table
929,POD_0857.png,0,0,0,0,no_table
930,POD_0858.png,0,0,0,0,no_table
931,POD_0859.png,319,495,812,681,table
932,POD_0860.png,0,0,0,0,no_table
933,POD_0861.png,0,0,0,0,no_table
934,POD_0862.png,0,0,0,0,no_table
935,POD_0863.png,465,303,571,395,table
936,POD_0864.png,0,0,0,0,no_table
937,POD_0865.png,0,0,0,0,no_table
938,POD_0866.png,0,0,0,0,no_table
939,POD_0867.png,0,0,0,0,no_table
940,POD_0868.png,0,0,0,0,no_table
941,POD_0869.png,300,261,760,555,table
942,POD_0870.png,0,0,0,0,no_table
943,POD_0871.png,145,137,1226,837,table
944,POD_0872.png,385,207,997,1104,table
945,POD_0873.png,0,0,0,0,no_table
946,POD_0874.png,0,0,0,0,no_table
947,POD_0875.png,0,0,0,0,no_table
948,POD_0876.png,0,0,0,0,no_table
949,POD_0877.png,52,82,989,1287,table
950,POD_0878.png,101,529,494,631,table
951,POD_0879.png,0,0,0,0,no_table
952,POD_0880.png,0,0,0,0,no_table
953,POD_0881.png,0,0,0,0,no_table
954,POD_0882.png,159,205,842,699,table
955,POD_0882.png,182,756,820,1251,table
956,POD_0883.png,0,0,0,0,no_table
957,POD_0884.png,341,169,690,546,table
958,POD_0885.png,218,195,842,349,table
959,POD_0886.png,254,605,831,929,table
960,POD_0887.png,0,0,0,0,no_table
961,POD_0888.png,0,0,0,0,no_table
962,POD_0889.png,0,0,0,0,no_table
963,POD_0890.png,607,644,922,812,table
964,POD_0891.png,173,531,858,833,table
965,POD_0892.png,124,347,937,484,table
966,POD_0893.png,122,501,884,613,table
967,POD_0894.png,0,0,0,0,no_table
968,POD_0895.png,144,622,456,918,table
969,POD_0896.png,169,534,875,1044,table
970,POD_0897.png,428,1151,663,1258,table
971,POD_0898.png,107,271,475,459,table
972,POD_0899.png,0,0,0,0,no_table
973,POD_0900.png,0,0,0,0,no_table
974,POD_0901.png,0,0,0,0,no_table
975,POD_0902.png,264,671,818,981,table
976,POD_0903.png,0,0,0,0,no_table
977,POD_0904.png,0,0,0,0,no_table
978,POD_0905.png,0,0,0,0,no_table
979,POD_0906.png,140,728,714,1099,table
980,POD_0907.png,0,0,0,0,no_table
981,POD_0908.png,0,0,0,0,no_table
982,POD_0909.png,0,0,0,0,no_table
983,POD_0910.png,0,0,0,0,no_table
984,POD_0911.png,0,0,0,0,no_table
985,POD_0912.png,98,265,650,396,table
986,POD_0913.png,0,0,0,0,no_table
987,POD_0914.png,0,0,0,0,no_table
988,POD_0915.png,0,0,0,0,no_table
989,POD_0916.png,0,0,0,0,no_table
990,POD_0917.png,154,238,1303,811,table
991,POD_0918.png,0,0,0,0,no_table
992,POD_0919.png,0,0,0,0,no_table
993,POD_0920.png,135,168,823,297,table
994,POD_0920.png,113,955,859,1155,table
995,POD_0921.png,0,0,0,0,no_table
996,POD_0922.png,0,0,0,0,no_table
997,POD_0923.png,204,538,856,831,table
998,POD_0924.png,284,427,776,519,table
999,POD_0925.png,441,144,651,203,table
1000,POD_0925.png,303,272,790,331,table
1001,POD_0925.png,228,400,849,480,table
1002,POD_0926.png,0,0,0,0,no_table
1003,POD_0927.png,97,146,484,343,table
1004,POD_0928.png,301,182,791,340,table
1005,POD_0928.png,354,497,738,593,table
1006,POD_0929.png,0,0,0,0,no_table
1007,POD_0930.png,569,97,942,313,table
1008,POD_0930.png,591,432,921,651,table
1009,POD_0931.png,190,322,870,570,table
1010,POD_0932.png,100,101,964,292,table
1011,POD_0933.png,0,0,0,0,no_table
1012,POD_0934.png,0,0,0,0,no_table
1013,POD_0935.png,0,0,0,0,no_table
1014,POD_0936.png,141,529,896,827,table
1015,POD_0937.png,0,0,0,0,no_table
1016,POD_0938.png,233,626,850,889,table
1017,POD_0939.png,144,581,913,1041,table
1018,POD_0940.png,0,0,0,0,no_table
1019,POD_0941.png,0,0,0,0,no_table
1020,POD_0942.png,0,0,0,0,no_table
1021,POD_0943.png,61,215,501,393,table
1022,POD_0944.png,512,148,926,305,table
1023,POD_0945.png,0,0,0,0,no_table
1024,POD_0946.png,0,0,0,0,no_table
1025,POD_0947.png,0,0,0,0,no_table
1026,POD_0948.png,172,168,980,517,table
1027,POD_0949.png,0,0,0,0,no_table
1028,POD_0950.png,0,0,0,0,no_table
1029,POD_0951.png,0,0,0,0,no_table
1030,POD_0952.png,572,972,948,1195,table
1031,POD_0953.png,0,0,0,0,no_table
1032,POD_0954.png,171,138,927,462,table
1033,POD_0955.png,0,0,0,0,no_table
1034,POD_0956.png,0,0,0,0,no_table
1035,POD_0957.png,0,0,0,0,no_table
1036,POD_0958.png,144,146,887,317,table
1037,POD_0959.png,0,0,0,0,no_table
0,POD_0960.png,193,717,389,790,table
1,POD_0960.png,220,940,362,997,table
2,POD_0960.png,571,129,909,201,table
3,POD_0960.png,99,442,483,565,table
4,POD_0961.png,0,0,0,0,no_table
5,POD_0962.png,152,254,895,836,table
6,POD_0963.png,0,0,0,0,no_table
7,POD_0964.png,328,702,729,1185,table
8,POD_0965.png,0,0,0,0,no_table
9,POD_0966.png,0,0,0,0,no_table
10,POD_0967.png,0,0,0,0,no_table
11,POD_0968.png,0,0,0,0,no_table
12,POD_0969.png,162,798,879,1141,table
13,POD_0970.png,163,142,899,1029,table
14,POD_0971.png,185,119,874,368,table
15,POD_0971.png,185,445,874,689,table
16,POD_0971.png,185,765,874,1009,table
17,POD_0972.png,0,0,0,0,no_table
18,POD_0973.png,0,0,0,0,no_table
19,POD_0974.png,0,0,0,0,no_table
20,POD_0975.png,0,0,0,0,no_table
21,POD_0976.png,0,0,0,0,no_table
22,POD_0977.png,0,0,0,0,no_table
23,POD_0978.png,0,0,0,0,no_table
24,POD_0979.png,240,562,847,711,table
25,POD_0980.png,0,0,0,0,no_table
26,POD_0981.png,155,760,874,1004,table
27,POD_0982.png,0,0,0,0,no_table
28,POD_0983.png,0,0,0,0,no_table
29,POD_0984.png,284,207,847,1082,table
30,POD_0985.png,0,0,0,0,no_table
31,POD_0986.png,85,1081,519,1241,table
32,POD_0987.png,153,163,904,1108,table
33,POD_0988.png,0,0,0,0,no_table
34,POD_0989.png,0,0,0,0,no_table
35,POD_0990.png,0,0,0,0,no_table
36,POD_0991.png,0,0,0,0,no_table
37,POD_0992.png,0,0,0,0,no_table
38,POD_0993.png,0,0,0,0,no_table
39,POD_0994.png,0,0,0,0,no_table
40,POD_0995.png,124,1135,757,1197,table
41,POD_0996.png,0,0,0,0,no_table
42,POD_0997.png,283,361,770,676,table
43,POD_0998.png,0,0,0,0,no_table
44,POD_0999.png,0,0,0,0,no_table
45,POD_1000.png,0,0,0,0,no_table
46,POD_1001.png,155,466,903,738,table
47,POD_1001.png,317,924,737,1060,table
48,POD_1001.png,156,137,902,274,table
49,POD_1002.png,0,0,0,0,no_table
50,POD_1003.png,355,1072,691,1125,table
51,POD_1004.png,562,514,954,612,table
52,POD_1005.png,0,0,0,0,no_table
53,POD_1006.png,264,935,831,1126,table
54,POD_1007.png,0,0,0,0,no_table
55,POD_1008.png,125,169,750,309,table
56,POD_1008.png,125,372,750,512,table
57,POD_1008.png,125,561,750,701,table
58,POD_1008.png,125,749,709,898,table
59,POD_1009.png,0,0,0,0,no_table
60,POD_1010.png,0,0,0,0,no_table
61,POD_1011.png,0,0,0,0,no_table
62,POD_1012.png,0,0,0,0,no_table
63,POD_1013.png,0,0,0,0,no_table
64,POD_1014.png,311,724,821,945,table
65,POD_1015.png,0,0,0,0,no_table
66,POD_1016.png,0,0,0,0,no_table
67,POD_1017.png,0,0,0,0,no_table
68,POD_1018.png,0,0,0,0,no_table
69,POD_1019.png,0,0,0,0,no_table
70,POD_1020.png,579,963,915,1206,table
71,POD_1021.png,0,0,0,0,no_table
72,POD_1022.png,0,0,0,0,no_table
73,POD_1023.png,0,0,0,0,no_table
74,POD_1024.png,223,207,902,1165,table
75,POD_1025.png,0,0,0,0,no_table
76,POD_1026.png,0,0,0,0,no_table
77,POD_1027.png,0,0,0,0,no_table
78,POD_1028.png,95,1037,960,1197,table
79,POD_1029.png,158,128,913,538,table
80,POD_1029.png,158,565,914,975,table
81,POD_1030.png,113,645,859,741,table
82,POD_1031.png,0,0,0,0,no_table
83,POD_1032.png,153,163,904,309,table
84,POD_1033.png,300,180,754,371,table
85,POD_1034.png,379,991,681,1114,table
86,POD_1035.png,0,0,0,0,no_table
87,POD_1036.png,359,722,671,818,table
88,POD_1037.png,155,147,828,326,table
89,POD_1038.png,0,0,0,0,no_table
90,POD_1039.png,0,0,0,0,no_table
91,POD_1040.png,0,0,0,0,no_table
92,POD_1041.png,199,183,616,453,table
93,POD_1041.png,75,892,388,1145,table
94,POD_1042.png,260,155,775,349,table
95,POD_1043.png,0,0,0,0,no_table
96,POD_1044.png,233,700,815,913,table
97,POD_1045.png,0,0,0,0,no_table
98,POD_1046.png,152,250,903,1058,table
99,POD_1047.png,0,0,0,0,no_table
100,POD_1048.png,0,0,0,0,no_table
101,POD_1049.png,301,179,733,287,table
102,POD_1050.png,0,0,0,0,no_table
103,POD_1051.png,173,296,858,443,table
104,POD_1051.png,173,833,858,933,table
105,POD_1052.png,464,330,580,457,table
106,POD_1053.png,0,0,0,0,no_table
107,POD_1054.png,0,0,0,0,no_table
108,POD_1055.png,0,0,0,0,no_table
109,POD_1056.png,0,0,0,0,no_table
110,POD_1057.png,100,207,926,450,table
111,POD_1058.png,140,92,499,179,table
112,POD_1058.png,126,235,512,321,table
113,POD_1059.png,0,0,0,0,no_table
114,POD_1060.png,170,1105,649,1314,table
115,POD_1061.png,0,0,0,0,no_table
116,POD_1062.png,0,0,0,0,no_table
117,POD_1063.png,0,0,0,0,no_table
118,POD_1064.png,0,0,0,0,no_table
119,POD_1065.png,172,927,928,1126,table
120,POD_1066.png,113,681,859,871,table
121,POD_1067.png,0,0,0,0,no_table
122,POD_1068.png,0,0,0,0,no_table
123,POD_1069.png,0,0,0,0,no_table
124,POD_1070.png,224,124,836,394,table
125,POD_1071.png,0,0,0,0,no_table
126,POD_1072.png,0,0,0,0,no_table
127,POD_1073.png,0,0,0,0,no_table
128,POD_1074.png,121,554,461,650,table
129,POD_1075.png,0,0,0,0,no_table
130,POD_1076.png,0,0,0,0,no_table
131,POD_1077.png,0,0,0,0,no_table
132,POD_1078.png,0,0,0,0,no_table
133,POD_1079.png,283,327,783,557,table
134,POD_1079.png,270,919,796,1131,table
135,POD_1080.png,383,402,627,548,table
136,POD_1081.png,0,0,0,0,no_table
137,POD_1082.png,0,0,0,0,no_table
138,POD_1083.png,0,0,0,0,no_table
139,POD_1084.png,0,0,0,0,no_table
140,POD_1085.png,0,0,0,0,no_table
141,POD_1086.png,0,0,0,0,no_table
142,POD_1087.png,0,0,0,0,no_table
143,POD_1088.png,0,0,0,0,no_table
144,POD_1089.png,0,0,0,0,no_table
145,POD_1090.png,221,782,524,896,table
146,POD_1090.png,230,928,511,1042,table
147,POD_1091.png,296,125,795,317,table
148,POD_1092.png,157,208,903,383,table
149,POD_1093.png,0,0,0,0,no_table
150,POD_1094.png,172,224,514,389,table
151,POD_1094.png,539,179,888,434,table
152,POD_1095.png,84,684,499,1267,table
153,POD_1096.png,0,0,0,0,no_table
154,POD_1097.png,532,310,912,486,table
155,POD_1098.png,0,0,0,0,no_table
156,POD_1099.png,0,0,0,0,no_table
157,POD_1100.png,0,0,0,0,no_table
158,POD_1101.png,242,188,506,341,table
159,POD_1102.png,0,0,0,0,no_table
160,POD_1103.png,83,111,936,315,table
161,POD_1104.png,107,326,471,605,table
162,POD_1105.png,411,742,682,1205,table
163,POD_1106.png,487,212,860,416,table
164,POD_1107.png,229,209,820,324,table
165,POD_1108.png,0,0,0,0,no_table
166,POD_1109.png,76,165,504,371,table
167,POD_1109.png,528,469,951,667,table
168,POD_1110.png,136,501,853,601,table
169,POD_1111.png,0,0,0,0,no_table
170,POD_1112.png,0,0,0,0,no_table
171,POD_1113.png,153,163,904,1084,table
172,POD_1114.png,286,207,846,1086,table
173,POD_1115.png,0,0,0,0,no_table
174,POD_1116.png,0,0,0,0,no_table
175,POD_1117.png,116,142,761,506,table
176,POD_1118.png,0,0,0,0,no_table
177,POD_1119.png,0,0,0,0,no_table
178,POD_1120.png,210,779,848,1127,table
179,POD_1121.png,264,92,792,230,table
180,POD_1122.png,0,0,0,0,no_table
181,POD_1123.png,153,563,904,1169,table
182,POD_1124.png,381,1132,649,1259,table
183,POD_1125.png,0,0,0,0,no_table
184,POD_1126.png,186,157,854,492,table
185,POD_1127.png,0,0,0,0,no_table
186,POD_1128.png,0,0,0,0,no_table
187,POD_1129.png,78,272,756,328,table
188,POD_1130.png,0,0,0,0,no_table
189,POD_1131.png,0,0,0,0,no_table
190,POD_1132.png,0,0,0,0,no_table
191,POD_1133.png,284,205,847,1105,table
192,POD_1134.png,236,594,849,919,table
193,POD_1135.png,284,148,832,317,table
194,POD_1136.png,351,479,698,616,table
195,POD_1137.png,0,0,0,0,no_table
196,POD_1138.png,0,0,0,0,no_table
197,POD_1139.png,0,0,0,0,no_table
198,POD_1140.png,73,464,200,526,table
199,POD_1140.png,269,464,397,507,table
200,POD_1140.png,73,578,200,621,table
201,POD_1140.png,73,691,200,773,table
202,POD_1140.png,269,691,397,734,table
203,POD_1141.png,182,680,805,848,table
204,POD_1141.png,212,139,835,307,table
205,POD_1142.png,0,0,0,0,no_table
206,POD_1143.png,0,0,0,0,no_table
207,POD_1144.png,0,0,0,0,no_table
208,POD_1145.png,0,0,0,0,no_table
209,POD_1146.png,0,0,0,0,no_table
210,POD_1147.png,167,807,841,1184,table
211,POD_1148.png,0,0,0,0,no_table
212,POD_1149.png,150,232,909,778,table
213,POD_1150.png,0,0,0,0,no_table
214,POD_1151.png,106,328,412,527,table
215,POD_1152.png,217,655,894,1074,table
216,POD_1153.png,146,1085,508,1133,table
217,POD_1154.png,0,0,0,0,no_table
218,POD_1155.png,0,0,0,0,no_table
219,POD_1156.png,0,0,0,0,no_table
220,POD_1157.png,0,0,0,0,no_table
221,POD_1158.png,0,0,0,0,no_table
222,POD_1159.png,0,0,0,0,no_table
223,POD_1160.png,93,91,507,616,table
224,POD_1160.png,571,90,941,269,table
225,POD_1161.png,535,447,947,552,table
226,POD_1162.png,0,0,0,0,no_table
227,POD_1163.png,0,0,0,0,no_table
228,POD_1164.png,0,0,0,0,no_table
229,POD_1165.png,0,0,0,0,no_table
230,POD_1166.png,0,0,0,0,no_table
231,POD_1167.png,0,0,0,0,no_table
232,POD_1168.png,0,0,0,0,no_table
233,POD_1169.png,0,0,0,0,no_table
234,POD_1170.png,0,0,0,0,no_table
235,POD_1171.png,145,975,957,1221,table
236,POD_1172.png,0,0,0,0,no_table
237,POD_1173.png,385,144,707,196,table
238,POD_1173.png,215,265,877,317,table
239,POD_1174.png,0,0,0,0,no_table
240,POD_1175.png,0,0,0,0,no_table
241,POD_1176.png,0,0,0,0,no_table
242,POD_1177.png,0,0,0,0,no_table
243,POD_1178.png,133,918,927,1045,table
244,POD_1179.png,348,628,783,705,table
245,POD_1180.png,0,0,0,0,no_table
246,POD_1181.png,0,0,0,0,no_table
247,POD_1182.png,166,622,894,876,table
248,POD_1183.png,93,90,514,203,table
249,POD_1184.png,237,645,543,730,table
250,POD_1185.png,0,0,0,0,no_table
251,POD_1186.png,88,135,512,168,table
252,POD_1186.png,87,211,505,255,table
253,POD_1187.png,0,0,0,0,no_table
254,POD_1188.png,0,0,0,0,no_table
255,POD_1189.png,0,0,0,0,no_table
256,POD_1190.png,0,0,0,0,no_table
257,POD_1191.png,221,208,757,306,table
258,POD_1192.png,0,0,0,0,no_table
259,POD_1193.png,644,1158,871,1225,table
260,POD_1194.png,0,0,0,0,no_table
261,POD_1195.png,209,171,821,1162,table
262,POD_1196.png,0,0,0,0,no_table
263,POD_1197.png,0,0,0,0,no_table
264,POD_1198.png,0,0,0,0,no_table
265,POD_1199.png,258,192,802,443,table
266,POD_1200.png,0,0,0,0,no_table
267,POD_1201.png,411,1112,682,1199,table
268,POD_1202.png,61,331,969,1159,table
269,POD_1203.png,0,0,0,0,no_table
270,POD_1204.png,0,0,0,0,no_table
271,POD_1205.png,0,0,0,0,no_table
272,POD_1206.png,0,0,0,0,no_table
273,POD_1207.png,0,0,0,0,no_table
274,POD_1208.png,0,0,0,0,no_table
275,POD_1209.png,0,0,0,0,no_table
276,POD_1210.png,296,214,583,277,table
277,POD_1211.png,140,601,954,690,table
278,POD_1212.png,0,0,0,0,no_table
279,POD_1213.png,150,571,909,1078,table
280,POD_1214.png,171,241,860,701,table
281,POD_1214.png,171,730,860,1186,table
282,POD_1215.png,123,913,904,1131,table
283,POD_1216.png,0,0,0,0,no_table
284,POD_1217.png,0,0,0,0,no_table
285,POD_1218.png,0,0,0,0,no_table
286,POD_1219.png,0,0,0,0,no_table
287,POD_1220.png,0,0,0,0,no_table
288,POD_1221.png,83,637,936,1203,table
289,POD_1222.png,542,527,973,690,table
290,POD_1223.png,0,0,0,0,no_table
291,POD_1224.png,0,0,0,0,no_table
292,POD_1225.png,0,0,0,0,no_table
293,POD_1226.png,0,0,0,0,no_table
294,POD_1227.png,374,277,874,540,table
295,POD_1227.png,186,864,874,981,table
296,POD_1228.png,0,0,0,0,no_table
297,POD_1229.png,229,177,830,307,table
298,POD_1230.png,110,124,501,250,table
299,POD_1230.png,549,125,979,370,table
300,POD_1231.png,0,0,0,0,no_table
301,POD_1232.png,0,0,0,0,no_table
302,POD_1233.png,0,0,0,0,no_table
303,POD_1234.png,0,0,0,0,no_table
304,POD_1235.png,0,0,0,0,no_table
305,POD_1236.png,0,0,0,0,no_table
306,POD_1237.png,279,740,781,816,table
307,POD_1238.png,122,216,936,1010,table
308,POD_1239.png,122,688,885,792,table
309,POD_1239.png,123,847,883,1001,table
310,POD_1240.png,0,0,0,0,no_table
311,POD_1241.png,0,0,0,0,no_table
312,POD_1242.png,0,0,0,0,no_table
313,POD_1243.png,0,0,0,0,no_table
314,POD_1244.png,0,0,0,0,no_table
315,POD_1245.png,0,0,0,0,no_table
316,POD_1246.png,215,235,803,754,table
317,POD_1247.png,210,656,877,1167,table
318,POD_1248.png,0,0,0,0,no_table
319,POD_1249.png,217,137,816,282,table
320,POD_1250.png,581,1078,899,1235,table
321,POD_1251.png,240,816,508,862,table
322,POD_1252.png,0,0,0,0,no_table
323,POD_1253.png,0,0,0,0,no_table
324,POD_1254.png,0,0,0,0,no_table
325,POD_1255.png,0,0,0,0,no_table
326,POD_1256.png,0,0,0,0,no_table
327,POD_1257.png,95,789,508,978,table
328,POD_1258.png,0,0,0,0,no_table
329,POD_1259.png,0,0,0,0,no_table
330,POD_1260.png,154,521,904,737,table
331,POD_1260.png,155,111,903,314,table
332,POD_1261.png,171,683,860,1210,table
333,POD_1262.png,173,172,875,278,table
334,POD_1263.png,0,0,0,0,no_table
335,POD_1264.png,0,0,0,0,no_table
336,POD_1265.png,0,0,0,0,no_table
337,POD_1266.png,0,0,0,0,no_table
338,POD_1267.png,90,997,939,1199,table
339,POD_1268.png,115,147,483,295,table
340,POD_1269.png,0,0,0,0,no_table
341,POD_1270.png,0,0,0,0,no_table
342,POD_1271.png,204,165,751,437,table
343,POD_1272.png,0,0,0,0,no_table
344,POD_1273.png,212,737,835,905,table
345,POD_1274.png,0,0,0,0,no_table
346,POD_1275.png,267,797,865,1135,table
347,POD_1276.png,0,0,0,0,no_table
348,POD_1277.png,0,0,0,0,no_table
349,POD_1278.png,79,823,971,1260,table
350,POD_1279.png,249,889,842,1078,table
351,POD_1280.png,0,0,0,0,no_table
352,POD_1281.png,0,0,0,0,no_table
353,POD_1282.png,113,168,921,515,table
354,POD_1283.png,300,239,730,1152,table
355,POD_1284.png,308,142,752,597,table
356,POD_1284.png,299,688,760,1143,table
357,POD_1285.png,0,0,0,0,no_table
358,POD_1286.png,220,860,815,980,table
359,POD_1287.png,0,0,0,0,no_table
360,POD_1288.png,0,0,0,0,no_table
361,POD_1289.png,0,0,0,0,no_table
362,POD_1290.png,0,0,0,0,no_table
363,POD_1291.png,198,713,889,1059,table
364,POD_1292.png,0,0,0,0,no_table
365,POD_1293.png,564,179,915,1231,table
366,POD_1294.png,0,0,0,0,no_table
367,POD_1295.png,354,201,695,321,table
368,POD_1296.png,0,0,0,0,no_table
369,POD_1297.png,0,0,0,0,no_table
370,POD_1298.png,0,0,0,0,no_table
371,POD_1299.png,125,199,764,375,table
372,POD_1299.png,125,439,767,614,table
373,POD_1299.png,125,662,764,838,table
374,POD_1299.png,125,885,761,1061,table
375,POD_1300.png,288,478,742,686,table
376,POD_1300.png,145,780,885,987,table
377,POD_1300.png,332,1081,698,1269,table
378,POD_1301.png,0,0,0,0,no_table
379,POD_1302.png,201,147,834,257,table
380,POD_1302.png,76,1180,500,1295,table
381,POD_1303.png,252,562,771,847,table
382,POD_1304.png,0,0,0,0,no_table
383,POD_1305.png,264,155,796,301,table
384,POD_1306.png,0,0,0,0,no_table
385,POD_1307.png,0,0,0,0,no_table
386,POD_1308.png,82,174,498,531,table
387,POD_1309.png,0,0,0,0,no_table
388,POD_1310.png,160,261,951,485,table
389,POD_1310.png,147,545,964,768,table
390,POD_1310.png,151,828,960,1051,table
391,POD_1311.png,0,0,0,0,no_table
392,POD_1312.png,427,332,633,464,table
393,POD_1313.png,0,0,0,0,no_table
394,POD_1314.png,0,0,0,0,no_table
395,POD_1315.png,143,417,912,513,table
396,POD_1315.png,141,788,915,886,table
397,POD_1315.png,204,1149,785,1222,table
398,POD_1316.png,0,0,0,0,no_table
399,POD_1317.png,186,277,874,597,table
400,POD_1318.png,0,0,0,0,no_table
401,POD_1319.png,0,0,0,0,no_table
402,POD_1320.png,312,303,748,453,table
403,POD_1321.png,339,155,721,261,table
404,POD_1322.png,542,338,979,688,table
405,POD_1323.png,0,0,0,0,no_table
406,POD_1324.png,0,0,0,0,no_table
407,POD_1325.png,0,0,0,0,no_table
408,POD_1326.png,0,0,0,0,no_table
409,POD_1327.png,0,0,0,0,no_table
410,POD_1328.png,153,162,904,727,table
411,POD_1329.png,0,0,0,0,no_table
412,POD_1330.png,0,0,0,0,no_table
413,POD_1331.png,124,441,905,626,table
414,POD_1332.png,0,0,0,0,no_table
415,POD_1333.png,0,0,0,0,no_table
416,POD_1334.png,0,0,0,0,no_table
417,POD_1335.png,0,0,0,0,no_table
418,POD_1336.png,0,0,0,0,no_table
419,POD_1337.png,0,0,0,0,no_table
420,POD_1338.png,0,0,0,0,no_table
421,POD_1339.png,0,0,0,0,no_table
422,POD_1340.png,83,447,729,730,table
423,POD_1341.png,0,0,0,0,no_table
424,POD_1342.png,0,0,0,0,no_table
425,POD_1343.png,0,0,0,0,no_table
426,POD_1344.png,0,0,0,0,no_table
427,POD_1345.png,0,0,0,0,no_table
428,POD_1346.png,0,0,0,0,no_table
429,POD_1347.png,0,0,0,0,no_table
430,POD_1348.png,0,0,0,0,no_table
431,POD_1349.png,160,559,838,726,table
432,POD_1350.png,0,0,0,0,no_table
433,POD_1351.png,0,0,0,0,no_table
434,POD_1352.png,0,0,0,0,no_table
435,POD_1353.png,128,190,525,395,table
436,POD_1354.png,0,0,0,0,no_table
437,POD_1355.png,0,0,0,0,no_table
438,POD_1356.png,175,508,884,746,table
439,POD_1357.png,0,0,0,0,no_table
440,POD_1358.png,0,0,0,0,no_table
441,POD_1359.png,0,0,0,0,no_table
442,POD_1360.png,0,0,0,0,no_table
443,POD_1361.png,0,0,0,0,no_table
444,POD_1362.png,0,0,0,0,no_table
445,POD_1363.png,0,0,0,0,no_table
446,POD_1364.png,0,0,0,0,no_table
447,POD_1365.png,0,0,0,0,no_table
448,POD_1366.png,0,0,0,0,no_table
449,POD_1367.png,101,155,471,258,table
450,POD_1367.png,127,335,445,438,table
451,POD_1367.png,103,517,469,619,table
452,POD_1368.png,0,0,0,0,no_table
453,POD_1369.png,0,0,0,0,no_table
454,POD_1370.png,0,0,0,0,no_table
455,POD_1371.png,0,0,0,0,no_table
456,POD_1372.png,0,0,0,0,no_table
457,POD_1373.png,0,0,0,0,no_table
458,POD_1374.png,340,137,717,542,table
459,POD_1375.png,0,0,0,0,no_table
460,POD_1376.png,115,158,998,1143,table
461,POD_1377.png,0,0,0,0,no_table
462,POD_1378.png,0,0,0,0,no_table
463,POD_1379.png,0,0,0,0,no_table
464,POD_1380.png,534,247,952,394,table
465,POD_1380.png,85,789,503,1303,table
466,POD_1380.png,534,792,952,1041,table
467,POD_1381.png,0,0,0,0,no_table
468,POD_1382.png,0,0,0,0,no_table
469,POD_1383.png,0,0,0,0,no_table
470,POD_1384.png,0,0,0,0,no_table
471,POD_1385.png,0,0,0,0,no_table
472,POD_1386.png,0,0,0,0,no_table
473,POD_1387.png,84,239,945,467,table
474,POD_1388.png,0,0,0,0,no_table
475,POD_1389.png,78,244,756,736,table
476,POD_1390.png,0,0,0,0,no_table
477,POD_1391.png,0,0,0,0,no_table
478,POD_1392.png,0,0,0,0,no_table
479,POD_1393.png,0,0,0,0,no_table
480,POD_1394.png,0,0,0,0,no_table
481,POD_1395.png,0,0,0,0,no_table
482,POD_1396.png,0,0,0,0,no_table
483,POD_1397.png,155,116,905,1100,table
484,POD_1398.png,146,701,909,804,table
485,POD_1399.png,114,492,944,758,table
486,POD_1400.png,0,0,0,0,no_table
487,POD_1401.png,260,413,759,544,table
488,POD_1402.png,0,0,0,0,no_table
489,POD_1403.png,0,0,0,0,no_table
490,POD_1404.png,589,1022,931,1197,table
491,POD_1405.png,0,0,0,0,no_table
492,POD_1406.png,238,694,510,842,table
493,POD_1406.png,238,883,510,1031,table
494,POD_1407.png,0,0,0,0,no_table
495,POD_1408.png,0,0,0,0,no_table
496,POD_1409.png,0,0,0,0,no_table
497,POD_1410.png,233,375,515,503,table
498,POD_1411.png,94,571,480,925,table
499,POD_1412.png,0,0,0,0,no_table
500,POD_1413.png,0,0,0,0,no_table
501,POD_1414.png,0,0,0,0,no_table
502,POD_1415.png,0,0,0,0,no_table
503,POD_1416.png,0,0,0,0,no_table
504,POD_1417.png,0,0,0,0,no_table
505,POD_1418.png,0,0,0,0,no_table
506,POD_1419.png,0,0,0,0,no_table
507,POD_1420.png,0,0,0,0,no_table
508,POD_1421.png,218,606,867,930,table
509,POD_1422.png,0,0,0,0,no_table
510,POD_1423.png,0,0,0,0,no_table
511,POD_1424.png,283,247,464,436,table
512,POD_1425.png,0,0,0,0,no_table
513,POD_1426.png,0,0,0,0,no_table
514,POD_1427.png,0,0,0,0,no_table
515,POD_1428.png,0,0,0,0,no_table
516,POD_1429.png,84,138,995,342,table
517,POD_1430.png,0,0,0,0,no_table
518,POD_1431.png,0,0,0,0,no_table
519,POD_1432.png,0,0,0,0,no_table
520,POD_1433.png,0,0,0,0,no_table
521,POD_1434.png,0,0,0,0,no_table
522,POD_1435.png,0,0,0,0,no_table
523,POD_1436.png,0,0,0,0,no_table
524,POD_1437.png,0,0,0,0,no_table
525,POD_1438.png,0,0,0,0,no_table
526,POD_1439.png,0,0,0,0,no_table
527,POD_1440.png,266,207,865,499,table
528,POD_1440.png,284,606,848,898,table
529,POD_1441.png,0,0,0,0,no_table
530,POD_1442.png,152,250,903,1115,table
531,POD_1443.png,0,0,0,0,no_table
532,POD_1444.png,0,0,0,0,no_table
533,POD_1445.png,277,125,814,474,table
534,POD_1446.png,0,0,0,0,no_table
535,POD_1447.png,382,188,662,312,table
536,POD_1448.png,115,161,873,246,table
537,POD_1449.png,0,0,0,0,no_table
538,POD_1450.png,0,0,0,0,no_table
539,POD_1451.png,0,0,0,0,no_table
540,POD_1452.png,0,0,0,0,no_table
541,POD_1453.png,0,0,0,0,no_table
542,POD_1454.png,0,0,0,0,no_table
543,POD_1455.png,0,0,0,0,no_table
544,POD_1456.png,0,0,0,0,no_table
545,POD_1457.png,0,0,0,0,no_table
546,POD_1458.png,0,0,0,0,no_table
547,POD_1459.png,0,0,0,0,no_table
548,POD_1460.png,0,0,0,0,no_table
549,POD_1461.png,0,0,0,0,no_table
550,POD_1462.png,150,211,910,871,table
551,POD_1463.png,0,0,0,0,no_table
552,POD_1464.png,0,0,0,0,no_table
553,POD_1465.png,200,137,906,442,table
554,POD_1466.png,0,0,0,0,no_table
555,POD_1467.png,0,0,0,0,no_table
556,POD_1468.png,0,0,0,0,no_table
557,POD_1469.png,0,0,0,0,no_table
558,POD_1470.png,0,0,0,0,no_table
559,POD_1471.png,0,0,0,0,no_table
560,POD_1472.png,0,0,0,0,no_table
561,POD_1473.png,0,0,0,0,no_table
562,POD_1474.png,0,0,0,0,no_table
563,POD_1475.png,0,0,0,0,no_table
564,POD_1476.png,212,329,835,523,table
565,POD_1477.png,0,0,0,0,no_table
566,POD_1478.png,0,0,0,0,no_table
567,POD_1479.png,0,0,0,0,no_table
568,POD_1480.png,340,249,720,495,table
569,POD_1481.png,623,111,889,245,table
570,POD_1481.png,647,302,865,438,table
571,POD_1481.png,638,495,874,612,table
572,POD_1482.png,0,0,0,0,no_table
573,POD_1483.png,0,0,0,0,no_table
574,POD_1484.png,0,0,0,0,no_table
575,POD_1485.png,0,0,0,0,no_table
576,POD_1486.png,364,321,695,492,table
577,POD_1487.png,0,0,0,0,no_table
578,POD_1488.png,0,0,0,0,no_table
579,POD_1489.png,0,0,0,0,no_table
580,POD_1490.png,0,0,0,0,no_table
581,POD_1491.png,0,0,0,0,no_table
582,POD_1492.png,0,0,0,0,no_table
583,POD_1493.png,0,0,0,0,no_table
584,POD_1494.png,0,0,0,0,no_table
585,POD_1495.png,0,0,0,0,no_table
586,POD_1496.png,0,0,0,0,no_table
587,POD_1497.png,265,138,819,462,table
588,POD_1498.png,374,836,692,1005,table
589,POD_1499.png,0,0,0,0,no_table
590,POD_1500.png,0,0,0,0,no_table
591,POD_1501.png,0,0,0,0,no_table
592,POD_1502.png,0,0,0,0,no_table
593,POD_1503.png,0,0,0,0,no_table
594,POD_1504.png,123,192,935,1043,table
595,POD_1505.png,0,0,0,0,no_table
596,POD_1506.png,133,1001,927,1108,table
597,POD_1507.png,71,149,879,379,table
598,POD_1508.png,146,1105,912,1326,table
599,POD_1509.png,0,0,0,0,no_table
600,POD_1510.png,555,109,957,217,table
601,POD_1510.png,549,299,965,446,table
602,POD_1511.png,0,0,0,0,no_table
603,POD_1512.png,0,0,0,0,no_table
604,POD_1513.png,0,0,0,0,no_table
605,POD_1514.png,0,0,0,0,no_table
606,POD_1515.png,0,0,0,0,no_table
607,POD_1516.png,0,0,0,0,no_table
608,POD_1517.png,350,814,605,975,table
609,POD_1518.png,161,302,453,433,table
610,POD_1518.png,113,830,501,925,table
611,POD_1518.png,541,788,958,1027,table
612,POD_1519.png,0,0,0,0,no_table
613,POD_1520.png,325,422,735,549,table
614,POD_1521.png,0,0,0,0,no_table
615,POD_1522.png,0,0,0,0,no_table
616,POD_1523.png,0,0,0,0,no_table
617,POD_1524.png,0,0,0,0,no_table
618,POD_1525.png,427,905,616,1197,table
619,POD_1526.png,0,0,0,0,no_table
620,POD_1527.png,0,0,0,0,no_table
621,POD_1528.png,0,0,0,0,no_table
622,POD_1529.png,0,0,0,0,no_table
623,POD_1530.png,113,508,497,663,table
624,POD_1530.png,140,114,469,320,table
625,POD_1531.png,87,114,507,353,table
626,POD_1531.png,534,114,960,437,table
627,POD_1532.png,0,0,0,0,no_table
628,POD_1533.png,94,659,439,835,table
629,POD_1534.png,0,0,0,0,no_table
630,POD_1535.png,0,0,0,0,no_table
631,POD_1536.png,146,595,913,1057,table
632,POD_1537.png,167,181,893,334,table
633,POD_1537.png,274,639,786,784,table
634,POD_1538.png,0,0,0,0,no_table
635,POD_1539.png,166,364,864,479,table
636,POD_1539.png,166,504,864,601,table
637,POD_1539.png,166,625,864,779,table
638,POD_1539.png,166,804,864,1203,table
639,POD_1540.png,0,0,0,0,no_table
640,POD_1541.png,0,0,0,0,no_table
641,POD_1542.png,100,122,490,183,table
642,POD_1542.png,192,222,384,295,table
643,POD_1542.png,172,334,403,435,table
644,POD_1542.png,611,122,896,197,table
645,POD_1542.png,630,235,878,296,table
646,POD_1542.png,636,335,871,436,table
647,POD_1543.png,0,0,0,0,no_table
648,POD_1544.png,0,0,0,0,no_table
649,POD_1545.png,0,0,0,0,no_table
650,POD_1546.png,0,0,0,0,no_table
651,POD_1547.png,623,239,882,378,table
652,POD_1548.png,0,0,0,0,no_table
653,POD_1549.png,237,147,799,218,table
654,POD_1549.png,190,287,846,388,table
655,POD_1549.png,81,472,495,611,table
656,POD_1549.png,75,712,502,863,table
657,POD_1550.png,0,0,0,0,no_table
658,POD_1551.png,0,0,0,0,no_table
659,POD_1552.png,0,0,0,0,no_table
660,POD_1553.png,0,0,0,0,no_table
661,POD_1554.png,180,198,948,469,table
662,POD_1554.png,294,587,797,859,table
663,POD_1555.png,0,0,0,0,no_table
664,POD_1556.png,0,0,0,0,no_table
665,POD_1557.png,0,0,0,0,no_table
666,POD_1558.png,0,0,0,0,no_table
667,POD_1559.png,0,0,0,0,no_table
668,POD_1560.png,157,963,780,1254,table
669,POD_1560.png,157,735,890,887,table
670,POD_1560.png,157,339,595,659,table
671,POD_1561.png,0,0,0,0,no_table
672,POD_1562.png,0,0,0,0,no_table
673,POD_1563.png,0,0,0,0,no_table
674,POD_1564.png,0,0,0,0,no_table
675,POD_1565.png,0,0,0,0,no_table
676,POD_1566.png,0,0,0,0,no_table
677,POD_1567.png,0,0,0,0,no_table
678,POD_1568.png,341,801,735,1151,table
679,POD_1569.png,0,0,0,0,no_table
680,POD_1570.png,0,0,0,0,no_table
681,POD_1571.png,0,0,0,0,no_table
682,POD_1572.png,539,565,929,812,table
683,POD_1573.png,122,732,896,863,table
684,POD_1574.png,0,0,0,0,no_table
685,POD_1575.png,0,0,0,0,no_table
686,POD_1576.png,0,0,0,0,no_table
687,POD_1577.png,0,0,0,0,no_table
688,POD_1578.png,0,0,0,0,no_table
689,POD_1579.png,0,0,0,0,no_table
690,POD_1580.png,102,160,952,506,table
691,POD_1581.png,0,0,0,0,no_table
692,POD_1582.png,373,307,719,366,table
693,POD_1582.png,260,435,832,494,table
694,POD_1583.png,0,0,0,0,no_table
695,POD_1584.png,203,405,656,521,table
696,POD_1584.png,203,1096,716,1213,table
697,POD_1585.png,252,580,832,904,table
698,POD_1586.png,188,1003,849,1235,table
699,POD_1587.png,0,0,0,0,no_table
700,POD_1588.png,0,0,0,0,no_table
701,POD_1589.png,0,0,0,0,no_table
702,POD_1590.png,0,0,0,0,no_table
703,POD_1591.png,0,0,0,0,no_table
704,POD_1592.png,391,752,665,884,table
705,POD_1593.png,0,0,0,0,no_table
706,POD_1594.png,0,0,0,0,no_table
707,POD_1595.png,0,0,0,0,no_table
708,POD_1596.png,73,207,866,436,table
709,POD_1597.png,0,0,0,0,no_table
710,POD_1598.png,0,0,0,0,no_table
711,POD_1599.png,0,0,0,0,no_table
